{
  "project_info": {
    "project_number": "392046195229",
    "firebase_url": "https://athleticsessex.firebaseio.com",
    "project_id": "athleticsessex",
    "storage_bucket": "athleticsessex.appspot.com"
  },
  "client": [
    {
      "client_info": {
        "mobilesdk_app_id": "1:392046195229:android:1837f521f06e61ed",
        "android_client_info": {
          "package_name": "com.example.athleticsessexce881final"
        }
      },
      "oauth_client": [
        {
          "client_id": "392046195229-7t0m56ffcnlj2bmcpua210pnv7dr23qp.apps.googleusercontent.com",
          "client_type": 1,
          "android_info": {
            "package_name": "com.example.athleticsessexce881final",
            "certificate_hash": "4f397b8d810752677073ed3f5b5118746fb044de"
          }
        },
        {
          "client_id": "392046195229-fp47o00t5sfc22500tsv5npv1j546cno.apps.googleusercontent.com",
          "client_type": 3
        }
      ],
      "api_key": [
        {
          "current_key": "AIzaSyD0rJJNZTg06lGL0nI-PH9TmDyDSIXTnmU"
        }
      ],
      "services": {
        "analytics_service": {
          "status": 1
        },
        "appinvite_service": {
          "status": 2,
          "other_platform_oauth_client": [
            {
              "client_id": "392046195229-fp47o00t5sfc22500tsv5npv1j546cno.apps.googleusercontent.com",
              "client_type": 3
            }
          ]
        },
        "ads_service": {
          "status": 2
        }
      }
    }
  ],
  "configuration_version": "1"
}